{"metadata":{"asset_id":"fcb6b4d0-beab-449a-b7c6-9f59147126fd","asset_attributes":["notebook"],"name":"Jupyper Notebook for Karina","asset_type":"notebook","created_at":"2023-02-24T08:13:35Z","description":"Jupyper Notebook for Karina coursera","origin_country":"us","owner_id":"IBMid-665002YZOS","project_id":"706c9d8e-e31f-4bcd-a9a3-2aaffaec0057","size":2989,"tags":["notebook"],"usage":{"last_update_time":1677229939771,"last_updated_at":"2023-02-24T09:12:19Z"}},"entity":{"notebook":{"kernel":{"name":"python3","display_name":"Python 3.10","language":"python"},"originates_from":{"type":"blank"},"runtime":{"environment":"rt222pys2-706c9d8e-e31f-4bcd-a9a3-2aaffaec0057"}},"location_definition":{"physical_location_code":"FRA","physical_location_code_assigned_by":"IBMid-665002YZOS","physical_location_code_rds_id":"c57cb90f-2126-3800-9c9f-9eab82021cdf","physical_location_code_rds_version":"00002023-0224-4081-8118-148222000000_3","physical_location_code_assignment_method":"INFERRED","physical_location_code_added_on":"1677226282065"}},"attachments":[{"id":"20873912-af42-4475-86d0-2758cf061efd","version":2,"asset_type":"notebook","name":"attachment for notebook fcb6b4d0-beab-449a-b7c6-9f59147126fd","description":"attachment for notebook fcb6b4d0-beab-449a-b7c6-9f59147126fd","mime":"application/json","datasource_type":"193a97c1-4475-4a19-b90c-295c4fdc6517","object_key":"notebook/Jupyper_Notebook_for_Karina_8euPicdqm.ipynb","creator_id":"IBMid-665002YZOS","create_time":1677226416584,"size":2989,"is_remote":false,"is_managed":false,"is_referenced":true,"is_object_key_read_only":false,"is_user_provided_path_key":true,"transfer_complete":true,"is_partitioned":false,"complete_time_ticks":1677226416584,"user_data":{},"test_doc":0,"handle":{"bucket":"jupyternotebookonibmwatsonstudio-donotdelete-pr-kdrvmg0zirrnt0","location":"eu-de","type":"bluemix_cos","key":"notebook/Jupyper_Notebook_for_Karina_8euPicdqm.ipynb","upload_id":"done","max_part_num":1},"usage":{"access_count":18,"last_accessor_id":"IBMid-665002YZOS","last_access_time":1677229939761,"last_updater_id":"IBMid-665002YZOS","last_update_time":1677229939761}}]}
